id,FoodPriceIndex
99116,98.63501900000024
97687,99.82349999999983
92061,96.23099999999977
95122,98.32040600000002
92296,99.16060399999994
89924,93.99200000000008
90791,100.04500000000003
82350,102.42049999999978
97602,100.00650000000034
86011,81.6988
95311,81.6988
86716,99.16060399999994
93915,79.30700000000013
88089,102.8130000000001
83150,102.28550000000013
91010,99.64867399999972
82826,99.84149999999998
83569,93.50850000000003
89945,102.51449999999971
98472,99.97800000000007
93024,93.44899999999988
83582,99.33633699999972
85341,92.50099999999975
94657,98.37759700000026
83125,100.92799999999977
91541,90.96099999999993
88392,100.11799999999965
98496,99.08068499999983
98474,103.59949999999968
84281,99.90750000000021
97431,92.17050000000003
87301,99.24453600000002
95706,99.49000000000007
82660,102.26799999999966
97921,101.49250000000002
88017,97.54425950000002
95487,98.48331249999995
88709,103.16800000000019
84781,87.63550000000019
88065,100.0469999999999
97232,100.49975950000012
98777,98.03170799999994
92715,99.6470969999997
95039,93.95599999999973
90111,100.61650000000003
96650,99.30667400000004
91612,97.51634750000001
96185,99.0754999999999
91436,82.43695000000005
88186,96.10499999999993
86074,102.62200000000004
97456,100.65527149999997
99865,100.92799999999977
91177,99.83150000000023
86682,99.80499999999971
88399,102.56199999999973
97079,102.24149999999992
90970,81.63149999999986
97537,99.58799999999974
83104,93.5245000000001
83342,98.53149999999998
82451,96.24399999999989
86597,99.98250000000027
99402,101.51599999999969
83041,101.49250000000002
93037,99.83150000000023
82530,100.99049999999981
83291,98.97000000000021
96191,91.65850000000012
95241,98.35400000000003
83587,98.93002200000008
92577,98.79775949999987
96917,98.03170799999994
95781,96.23099999999977
91805,102.51449999999971
86250,100.99049999999981
91474,94.0539999999998
94225,79.55049999999983
91654,102.62200000000004
99566,99.84149999999998
96481,98.5088879999999
91125,82.1220000000001
93045,100.28650000000002
99546,98.98634050000038
82312,97.51634750000001
99332,97.85800000000005
98319,103.39199999999968
94541,96.41300000000001
85186,91.72500000000008
97984,93.5245000000001
94635,99.02009699999991
86916,100.62450000000001
86141,99.90750000000021
84545,101.33349999999994
83696,90.03049999999968
91136,90.03049999999968
92572,99.56325949999986
93226,98.21030199999996
83685,82.1220000000001
85031,91.65850000000012
82807,99.82349999999983
86532,100.11799999999965
90412,100.61049999999999
99555,101.82799999999972
82197,100.14280199999985
100355,102.46150000000002
95219,102.24149999999992
91851,92.17050000000003
89271,96.43400000000001
92996,90.03049999999968
100031,98.97000000000021
99351,87.28149999999988
100060,98.86299999999977
86824,93.5245000000001
97007,96.87699999999995
95660,100.11949999999992
88707,100.08050000000003
91446,87.28799999999995
94587,99.2605969999997
92140,101.53299999999997
82141,96.20050000000033
93736,100.65527149999997
96945,100.08749999999982
97946,86.98554999999986
85072,97.4914999999999
99082,99.68449999999979
85706,96.20050000000033
88087,101.18299999999978
96077,97.66149999999996
98266,89.05649999999973
83117,99.74499999999983
85751,97.22134549999969
89509,92.54349999999981
90879,103.39199999999968
84892,99.60415100000004
86885,99.0754999999999
90807,97.03549999999974
85764,102.43449999999991
92882,99.33633699999972
89790,102.42049999999978
84081,98.35400000000003
86979,93.47750000000009
93811,99.09899350000025
88269,91.43749999999976
97276,92.274
81947,98.36220800000001
95720,98.61910900000004
92836,96.417597
96711,96.43400000000001
92726,98.40306700000015
89792,100.49975950000012
91441,96.20050000000033
89150,99.64867399999972
90162,100.00650000000034
96861,82.95535000000007
97162,97.06349999999996
90080,100.11949999999992
99936,100.62450000000001
90576,98.99349999999997
98742,96.74218549999996
90342,98.03050000000025
90389,94.11650000000022
89815,100.7809999999997
83891,97.22134549999969
88327,98.06900000000024
98449,93.50850000000003
92580,101.09550000000016
86222,99.28049999999992
87336,99.08068499999983
97015,79.02699999999996
82069,92.54349999999981
85895,99.0269999999997
96052,99.60415100000004
81981,82.95535000000007
83057,97.66149999999996
93056,99.62700000000004
87970,98.14525949999998
89542,98.32040600000002
97146,99.71950000000032
84776,96.30449999999979
86002,97.06349999999996
84210,102.42049999999978
93472,97.51634750000001
93800,100.11949999999992
95086,98.21030199999996
91940,100.11949999999992
97997,99.74499999999983
82111,99.67650000000029
86752,99.60415100000004
83071,96.39349999999996
82040,101.16300000000018
95684,102.50499999999985
94287,100.08050000000003
92371,96.39349999999996
92357,97.66149999999996
83242,97.70229750000018
99022,97.06349999999996
98160,101.09550000000016
98495,102.46150000000002
87025,103.2740000000001
97531,99.09899350000025
98467,98.93002200000008
92881,99.24453600000002
89949,102.8130000000001
96601,99.24453600000002
93676,100.9512715
90700,99.59199999999971
95767,98.06900000000024
90125,101.33349999999994
97937,97.66149999999996
92936,93.2649999999997
91176,97.28035899999966
94846,85.1418499999999
98255,81.67449999999994
82379,91.67400000000012
85785,100.08749999999982
95671,99.09899350000025
96920,101.16300000000018
89646,100.02800000000003
97067,99.60849999999995
98557,96.89099999999976
90866,98.40306700000015
89632,98.09156149999995
99781,101.49250000000002
86690,101.2629999999999
86932,97.4914999999999
84156,96.21000000000028
93047,99.72680199999985
86205,100.0469999999999
87290,99.64867399999972
95212,98.09156149999995
88922,98.53149999999998
98306,98.40306700000015
93812,100.00700000000019
90971,85.36804999999993
98565,82.1220000000001
90435,101.92849999999973
100116,86.68110000000006
98532,99.04217399999987
100201,98.5088879999999
82685,101.33349999999994
93669,102.8130000000001
100426,85.1418499999999
83446,98.55249999999984
84546,99.49000000000007
82794,94.07350000000011
96171,98.37649999999994
87992,99.50977850000022
88496,96.30449999999979
92667,97.03549999999974
96387,97.03549999999974
90350,79.43849999999989
97657,98.0654889999998
88966,89.05649999999973
87201,92.50099999999975
90361,87.63550000000019
91661,100.28300000000004
99617,99.98250000000027
96466,98.55249999999984
97692,100.11799999999965
100017,98.79775949999987
84655,100.78949999999998
81865,98.9144999999999
87397,96.89099999999976
97336,87.25549999999987
83220,80.23199999999983
97841,98.57578050000023
89149,93.50850000000003
95672,100.00700000000019
99496,83.43804999999999
82509,102.8130000000001
85752,99.76010400000008
95085,100.08749999999982
83066,86.98554999999986
92797,98.37759700000026
85631,98.1673019999998
89116,96.417597
85140,101.09550000000016
86486,87.35249999999998
97221,98.04605000000024
100066,91.72500000000008
85912,98.09156149999995
98432,98.78803300000015
86497,98.0654889999998
89794,102.62200000000004
84621,96.23099999999977
97985,99.76149999999967
85274,93.50850000000003
94867,96.84251999999996
99547,99.82349999999983
97301,99.90750000000021
84989,103.16800000000019
88734,92.19550000000025
92281,99.58849999999997
99341,82.78615000000012
88862,99.92750000000004
92107,99.82349999999983
90660,80.23199999999983
91952,100.00700000000019
94796,93.2649999999997
84985,100.92799999999977
90280,101.53299999999997
84172,97.51634750000001
94386,96.403
82445,79.7565000000002
86187,98.48331249999995
93296,82.43695000000005
84964,93.5245000000001
82186,97.44406699999982
82241,90.96099999999993
88730,102.28550000000013
94442,99.92750000000004
98627,99.72680199999985
94021,91.53599999999986
92582,99.92750000000004
93645,100.0469999999999
98377,98.37759700000026
85602,98.13070799999996
94884,93.44899999999988
84566,92.33000000000004
94001,99.13682599999999
94729,93.50850000000003
92605,103.2740000000001
81896,99.62700000000004
92496,100.62450000000001
96147,100.08050000000003
89801,100.28300000000004
100046,98.34699999999981
96542,96.91199999999995
99982,97.70229750000018
96371,100.04500000000003
83816,99.74500000000013
87767,99.60849999999995
94730,99.64867399999972
99152,99.50977850000022
93380,100.35549999999972
84517,99.58799999999974
99177,97.54425950000002
87726,87.28799999999995
83880,98.71199999999973
85461,98.62717400000001
99672,98.34481649999978
97227,98.50103799999997
93295,79.02699999999996
86842,99.10849999999995
93025,98.9144999999999
97255,100.7809999999997
98461,99.24453600000002
90749,92.78150000000029
88550,101.2629999999999
96061,101.49250000000002
99391,99.09899350000025
98780,101.16300000000018
83435,101.46750000000029
98151,98.15313450000029
91797,99.892543
86652,98.34481649999978
91679,91.67400000000012
97472,97.85800000000005
98295,99.6470969999997
94289,103.16800000000019
82199,102.24149999999992
82855,99.06916300000013
100137,98.03272950000004
95621,82.78615000000012
83929,92.54349999999981
100155,99.6470969999997
91647,98.50103799999997
93644,93.99200000000008
89210,99.30667400000004
89936,98.91385800000015
100000,99.59199999999971
98625,100.28650000000002
96455,101.46750000000029
86526,98.98634050000038
94466,98.34699999999981
87146,98.40306700000015
96672,99.04217399999987
86606,101.45900000000022
92177,99.98250000000027
97540,102.26799999999966
88237,99.58799999999974
96836,99.74500000000013
99052,97.51634750000001
97876,99.16060399999994
93760,79.54050000000024
95370,102.42049999999978
86670,100.45265099999979
83616,99.08068499999983
96207,98.65499999999973
96924,102.43449999999991
99119,91.67400000000012
89491,99.6530000000001
93606,81.93304999999997
91751,96.24399999999989
100292,98.78803300000015
86320,79.54050000000024
95832,100.11799999999965
94546,89.05649999999973
92746,98.55249999999984
91964,102.50499999999985
87312,99.97800000000007
95952,98.34481649999978
86636,96.30449999999979
96297,98.79775949999987
98731,87.28799999999995
100204,92.45050000000013
97706,99.84149999999998
88387,99.82349999999983
88751,91.65850000000012
83911,99.6530000000001
99552,100.11799999999965
97292,99.50977850000022
99115,100.7809999999997
83231,88.53849999999986
83464,92.45050000000013
88596,91.4279999999999
88667,97.42291049999977
89132,98.78803300000015
83747,99.72680199999985
82844,91.80449999999986
90007,100.03577150000034
86539,102.56199999999973
93450,80.03400000000018
88395,101.82799999999972
98759,93.95599999999973
96329,92.78150000000029
91524,91.98650000000019
91960,102.26799999999966
87622,99.78340599999983
95775,79.30700000000013
98277,98.03272950000004
85955,97.70199999999977
93539,91.67400000000012
94444,103.2614999999998
94176,91.4279999999999
86836,97.87369800000002
87862,97.06349999999996
84151,81.6988
94391,88.53849999999986
82761,96.23099999999977
92591,98.97000000000021
85585,98.9144999999999
98315,101.46750000000029
86157,97.54425950000002
82651,99.09899350000025
100332,99.97800000000007
91495,101.89499999999997
89637,100.14280199999985
85137,98.79775949999987
88576,99.16060399999994
98981,90.96099999999993
85454,103.59949999999968
82700,98.61910900000004
81986,96.20050000000033
100179,103.39199999999968
94896,97.28035899999966
83415,99.6470969999997
96019,92.06350000000022
86391,100.61650000000003
91059,92.53650000000012
87922,99.68449999999979
91027,98.93002200000008
93572,99.50977850000022
91486,97.44406699999982
95465,79.7565000000002
82995,101.92849999999973
93191,97.22134549999969
98961,98.35400000000003
88311,100.91349999999998
83601,98.62717400000001
95471,96.24399999999989
95001,82.95535000000007
96899,93.95599999999973
95815,100.78949999999998
89985,98.65664050000001
89365,97.42010399999994
98876,82.43695000000005
97879,92.06350000000022
82157,96.88765399999998
88280,98.61910900000004
85286,98.40306700000015
86204,93.99200000000008
86061,98.04605000000024
86409,91.43749999999976
97325,79.7565000000002
96036,91.4279999999999
90040,79.54050000000024
100271,85.36804999999993
93417,99.28025950000008
98622,98.13070799999996
91601,87.27199999999988
96590,99.64867399999972
86062,99.68449999999979
92155,99.06916300000013
82592,97.85800000000005
88767,98.65499999999973
99690,100.45265099999979
92144,91.80449999999986
94967,98.36220800000001
86991,98.15313450000029
95875,99.06916300000013
91590,80.03400000000018
98867,96.87699999999995
83461,98.5088879999999
98712,96.73230199999998
83737,99.83150000000023
97586,92.33000000000004
82496,98.91385800000015
90722,99.92750000000004
86535,101.82799999999972
95372,100.49975950000012
91901,82.78615000000012
82974,103.083
93849,91.43749999999976
92822,96.91199999999995
88441,91.53599999999986
91189,102.43199999999992
89925,100.0469999999999
84427,100.03577150000034
83171,91.65850000000012
89770,99.27849999999975
83309,92.78150000000029
95969,94.11650000000022
89639,102.24149999999992
93536,98.63501900000024
82756,83.43804999999999
84686,99.84149999999998
87777,100.14280199999985
94380,80.23199999999983
93824,102.50499999999985
85091,88.53849999999986
85634,93.13899999999998
92141,99.13682599999999
98771,97.22134549999969
100049,92.78150000000029
88397,101.11049999999992
99856,97.87369800000002
91131,96.43400000000001
97896,91.4279999999999
89257,96.89099999999976
86166,81.93304999999997
89505,100.08749999999982
96556,96.417597
95000,78.71549999999984
97222,99.68449999999979
86874,92.19550000000025
89782,99.68449999999979
96794,93.13899999999998
96484,92.45050000000013
87195,99.02009699999991
89167,98.93002200000008
87134,93.50850000000003
90146,92.33000000000004
96136,97.87369800000002
98726,96.20050000000033
99595,99.06916300000013
85616,99.62700000000004
99869,103.16800000000019
81864,93.44899999999988
84675,101.82799999999972
98997,99.28025950000008
95504,93.99200000000008
95106,90.98049999999994
90097,99.58799999999974
99844,93.5245000000001
95835,101.82799999999972
98499,92.53650000000012
81910,99.63650000000011
87934,102.62200000000004
96216,100.62450000000001
100215,99.02009699999991
91650,102.42049999999978
84925,79.55049999999983
87956,98.63501900000024
91291,87.28799999999995
93271,99.67650000000029
87909,93.83950000000016
83774,93.13899999999998
87870,80.03400000000018
82354,102.62200000000004
89626,97.44406699999982
98231,100.04500000000003
83151,98.37649999999994
99797,97.66149999999996
93845,101.33349999999994
92117,101.11049999999992
88696,97.87369800000002
86669,94.11650000000022
85081,87.24694999999986
82187,99.60849999999995
89614,94.0539999999998
88575,101.92849999999973
97121,90.96099999999993
86070,102.42049999999978
89350,99.63650000000011
87571,87.28799999999995
85227,97.03549999999974
93401,90.96099999999993
86777,97.66149999999996
100237,98.37759700000026
89907,98.48331249999995
92986,85.1418499999999
85447,98.93002200000008
87457,99.83150000000023
84666,98.98634050000038
98247,97.03549999999974
86360,100.11949999999992
91492,98.09156149999995
95177,96.88765399999998
86564,91.80449999999986
84822,99.80499999999971
85299,103.39199999999968
86871,98.37649999999994
82516,100.9512715
90439,92.06350000000022
83749,102.43199999999992
86236,100.9512715
89276,90.03049999999968
86807,97.42291049999977
98312,98.84179099999997
92761,98.5088879999999
83840,78.71549999999984
97945,79.55049999999983
89110,81.63149999999986
99070,99.27849999999975
91557,99.28025950000008
87599,93.95599999999973
96960,97.42160399999993
88341,96.23099999999977
89442,96.74218549999996
90201,96.23099999999977
98571,96.43400000000001
97072,98.09156149999995
93954,94.07350000000011
89431,87.28799999999995
98935,101.89499999999997
83129,103.16800000000019
97100,100.35549999999972
82296,96.21000000000028
98510,99.30667400000004
97766,101.45900000000022
98307,99.2605969999997
82731,100.91349999999998
88839,93.47750000000009
83032,99.60415100000004
89111,85.36804999999993
94574,93.50850000000003
91957,99.58799999999974
86372,100.00700000000019
93426,99.71950000000032
89836,92.274
84654,94.07350000000011
98616,97.28035899999966
91785,100.0469999999999
82640,100.11949999999992
99707,100.40249999999968
99236,98.91385800000015
91030,102.10983700000028
84365,102.51449999999971
95302,97.06349999999996
97861,99.58849999999997
87339,92.53650000000012
97646,87.35249999999998
93752,97.85800000000005
90402,99.80499999999971
90032,97.85800000000005
96827,98.36220800000001
96174,92.19550000000025
91165,98.9144999999999
84607,98.06900000000024
99346,96.10499999999993
91302,96.74218549999996
95395,100.7809999999997
87536,99.74500000000013
89830,98.14525949999998
83497,98.37759700000026
82341,98.04605000000024
82576,100.65527149999997
96001,99.58849999999997
91187,99.72680199999985
87427,96.84251999999996
89317,99.83150000000023
91457,96.88765399999998
92626,91.72500000000008
82066,98.21030199999996
83862,96.74218549999996
95051,97.22134549999969
88231,99.09899350000025
95057,98.03170799999994
90712,99.56325949999986
95846,99.84149999999998
84827,100.40249999999968
81911,98.1673019999998
96302,99.92750000000004
99661,87.63550000000019
93510,102.42049999999978
84327,98.48331249999995
92272,100.61049999999999
86825,99.76149999999967
82412,99.50977850000022
83904,102.43449999999991
87381,100.01449999999998
90867,99.2605969999997
88435,99.06916300000013
96401,96.41300000000001
88860,101.09550000000016
91056,99.08068499999983
87976,92.274
96811,90.99249999999995
88302,100.00650000000034
92250,100.45265099999979
91986,99.49000000000007
93907,98.06900000000024
93507,98.50103799999997
95062,99.78340599999983
83351,100.04500000000003
83686,85.1418499999999
97951,96.39349999999996
96280,99.59199999999971
98654,93.13899999999998
83414,93.50850000000003
95350,99.27849999999975
93937,98.0654889999998
86870,102.28550000000013
90195,79.30700000000013
88621,101.49250000000002
92559,93.47750000000009
98140,99.59199999999971
88491,84.97284999999987
89216,93.2649999999997
97054,94.0539999999998
92316,91.4279999999999
85605,100.28650000000002
84947,97.42291049999977
90511,96.39349999999996
93882,100.00650000000034
87261,90.04049999999968
87226,99.95900000000003
88885,103.2740000000001
88822,97.70229750000018
99756,91.4279999999999
86786,86.98554999999986
82467,98.48331249999995
88530,100.45265099999979
90051,87.28149999999988
99772,99.60415100000004
86561,99.13682599999999
97502,98.17371799999997
95396,98.63501900000024
98344,92.45050000000013
84405,98.65664050000001
84376,100.9512715
93667,101.18299999999978
99185,79.7565000000002
86382,101.51599999999969
91962,101.51599999999969
99245,102.51449999999971
95207,99.60849999999995
92620,98.86299999999977
83846,96.20050000000033
88851,98.15313450000029
98261,96.41300000000001
87405,82.1220000000001
91746,81.93304999999997
83531,85.36804999999993
86719,92.06350000000022
92521,87.24694999999986
94934,93.13899999999998
91690,98.14525949999998
94277,99.74499999999983
95742,100.00650000000034
95432,99.50977850000022
100425,82.1220000000001
82840,101.53299999999997
82910,79.43849999999989
93287,96.87699999999995
91351,99.6530000000001
82456,87.25549999999987
97641,96.23099999999977
90591,98.37649999999994
99862,99.10849999999995
82861,91.53599999999986
84771,84.97284999999987
96326,98.34699999999981
94930,99.63650000000011
93042,98.13070799999996
86229,102.8130000000001
84150,80.03400000000018
95381,100.28300000000004
98875,79.02699999999996
96767,99.72680199999985
98760,98.71199999999973
82375,100.7809999999997
91337,98.03170799999994
89741,87.27199999999988
86067,98.50103799999997
93151,87.28799999999995
83897,98.03170799999994
94402,97.70229750000018
96170,102.28550000000013
99207,98.48331249999995
91499,102.24149999999992
95620,79.54050000000024
86761,101.49250000000002
94712,98.78803300000015
94486,91.72500000000008
97912,99.60415100000004
95161,96.20050000000033
88731,98.37649999999994
96304,103.2614999999998
85382,96.91199999999995
99400,102.26799999999966
84212,100.49975950000012
95631,87.28149999999988
99256,100.9512715
99237,99.892543
87272,98.78803300000015
99191,96.24399999999989
82195,101.89499999999997
87645,100.08749999999982
84667,99.82349999999983
86010,80.03400000000018
95751,100.91349999999998
82192,98.09156149999995
87779,102.24149999999992
97385,102.51449999999971
90711,98.15313450000029
88202,98.17371799999997
93690,100.99049999999981
91582,97.06349999999996
99440,98.61910900000004
100359,92.53650000000012
83127,100.08050000000003
91796,98.91385800000015
87716,82.43695000000005
91126,85.1418499999999
94557,98.03272950000004
95240,100.35549999999972
99845,99.76149999999967
87941,100.28300000000004
87095,81.67449999999994
94076,96.30449999999979
93246,90.98049999999994
99961,87.24694999999986
98256,86.68110000000006
98470,102.10983700000028
93866,92.33000000000004
99701,98.57578050000023
98162,99.92750000000004
90562,99.10849999999995
85739,93.95599999999973
87157,99.98600000000005
88886,98.34699999999981
87445,98.9144999999999
94779,92.53650000000012
87181,98.5088879999999
98340,102.53949999999999
96602,99.33633699999972
83879,93.95599999999973
89861,99.90750000000021
89991,92.17050000000003
87302,99.33633699999972
88266,99.49000000000007
88114,91.51450000000003
88977,98.03272950000004
98411,85.36804999999993
84582,100.00650000000034
83065,79.55049999999983
82664,102.50499999999985
86694,103.083
100020,101.09550000000016
96912,99.76010400000008
91009,93.50850000000003
94311,98.37649999999994
93357,100.14280199999985
89706,99.71950000000032
93359,102.24149999999992
87871,81.6988
85861,96.20050000000033
84677,101.11049999999992
99291,92.17050000000003
86849,103.16800000000019
86405,101.33349999999994
94775,102.46150000000002
96149,103.16800000000019
95156,82.43695000000005
87040,98.86299999999977
97852,100.61049999999999
93347,99.60849999999995
99517,98.0654889999998
93860,98.61910900000004
96156,98.99349999999997
90472,99.60415100000004
83971,99.67650000000029
87511,90.99249999999995
100376,93.2649999999997
83506,99.95900000000003
88561,99.58849999999997
96325,103.2740000000001
81889,102.43199999999992
81914,93.13899999999998
94821,100.01449999999998
84256,92.274
85789,92.54349999999981
92332,99.60415100000004
84926,86.98554999999986
97137,99.28025950000008
82437,97.54425950000002
97569,91.43749999999976
85441,99.24453600000002
85047,98.65499999999973
91596,96.21000000000028
96681,100.01449999999998
99397,99.58799999999974
100334,103.59949999999968
94992,96.73230199999998
92991,96.43400000000001
98926,97.44406699999982
87350,99.30667400000004
84466,96.10499999999993
97425,98.65664050000001
95040,98.71199999999973
89752,97.51634750000001
89567,96.87699999999995
99247,101.18299999999978
82019,93.95599999999973
95011,87.28799999999995
90187,98.06900000000024
83987,96.87699999999995
88554,103.083
97699,102.56199999999973
86331,87.28149999999988
92161,91.53599999999986
98897,96.88765399999998
82127,96.87699999999995
85086,96.403
97026,87.28799999999995
84201,98.04605000000024
100011,98.15313450000029
94511,100.04500000000003
94264,93.5245000000001
98820,97.42160399999993
92022,100.00650000000034
100401,100.01449999999998
92930,99.30667400000004
98016,98.99349999999997
84411,92.17050000000003
96279,93.47750000000009
94285,100.92799999999977
98030,102.28550000000013
98927,99.60849999999995
83439,103.39199999999968
94469,92.78150000000029
87490,99.63650000000011
92112,100.11799999999965
96852,96.73230199999998
84142,97.06349999999996
95930,79.43849999999989
100310,99.64867399999972
94752,99.97800000000007
84250,98.14525949999998
83381,96.41300000000001
82819,102.56199999999973
91366,98.21030199999996
92915,102.46150000000002
93007,96.84251999999996
95399,91.67400000000012
96447,99.2605969999997
85760,101.16300000000018
82911,84.97284999999987
88906,91.72500000000008
84297,97.54425950000002
87062,98.53149999999998
91475,99.0269999999997
86475,79.30700000000013
94420,99.59199999999971
85941,98.35400000000003
83187,98.65499999999973
92739,103.39199999999968
99581,99.13682599999999
84084,91.98650000000019
90284,91.80449999999986
85676,99.74500000000013
95476,87.25549999999987
89316,97.28035899999966
83212,97.4914999999999
88994,93.50850000000003
85180,98.86299999999977
93461,87.27199999999988
100270,81.63149999999986
90921,92.50099999999975
94527,97.03549999999974
83707,96.84251999999996
92056,83.43804999999999
91427,96.87699999999995
84035,99.0269999999997
87881,87.27199999999988
92609,92.78150000000029
87649,92.54349999999981
98772,99.76010400000008
89576,82.43695000000005
100126,89.05649999999973
84057,100.14280199999985
83154,92.19550000000025
85287,99.2605969999997
88529,94.11650000000022
85335,99.02009699999991
99069,93.83950000000016
99161,99.90750000000021
91675,100.7809999999997
91164,93.44899999999988
83272,99.56325949999986
85475,102.46150000000002
90666,96.403
90351,84.97284999999987
90126,99.49000000000007
94951,90.99249999999995
98186,98.34699999999981
83010,99.24030199999982
100262,96.91199999999995
93384,91.98650000000019
92737,99.98600000000005
99186,81.93304999999997
90421,99.58849999999997
85961,90.96099999999993
90104,102.50499999999985
95516,98.91385800000015
89121,90.04049999999968
88697,99.74499999999983
91041,98.62717400000001
84066,100.02800000000003
87166,98.55249999999984
94586,98.40306700000015
86110,98.14525949999998
85391,85.36804999999993
96900,98.71199999999973
84917,97.66149999999996
99274,91.51450000000003
95565,98.65664050000001
92831,85.36804999999993
99735,101.92849999999973
94296,98.99349999999997
89387,98.36220800000001
92387,97.42291049999977
95286,99.71950000000032
94201,101.49250000000002
96232,97.4914999999999
93200,101.16300000000018
86095,100.7809999999997
92887,98.93002200000008
87307,98.93002200000008
95837,101.11049999999992
90815,81.67449999999994
92425,100.92799999999977
93395,97.70199999999977
100121,96.41300000000001
85877,96.88765399999998
90246,98.98634050000038
92365,79.55049999999983
87837,99.28025950000008
83375,81.67449999999994
95677,99.58799999999974
91369,92.54349999999981
89852,99.50977850000022
90901,98.5088879999999
97077,100.14280199999985
95226,100.02800000000003
100166,98.40306700000015
96635,102.46150000000002
92916,99.08068499999983
85701,82.95535000000007
94837,96.89099999999976
100392,99.04217399999987
96756,97.28035899999966
97830,100.45265099999979
84161,87.27199999999988
89426,96.20050000000033
88026,81.93304999999997
88512,98.34481649999978
87155,101.46750000000029
90252,100.11799999999965
87106,89.05649999999973
95776,83.43804999999999
98002,99.10849999999995
93451,81.6988
99656,96.30449999999979
98605,98.9144999999999
84520,102.26799999999966
92542,97.70229750000018
85986,99.71950000000032
82282,97.06349999999996
82949,94.11650000000022
94217,97.66149999999996
89161,99.24453600000002
83771,98.1673019999998
96612,99.97800000000007
89006,98.40306700000015
88424,91.80449999999986
92119,102.56199999999973
88864,103.2614999999998
97259,91.67400000000012
92299,92.06350000000022
97256,98.63501900000024
90627,98.65499999999973
92526,96.403
100221,92.50099999999975
84524,102.50499999999985
98034,92.19550000000025
95052,99.76010400000008
89581,96.20050000000033
98164,103.2614999999998
87000,101.09550000000016
89086,99.95900000000003
86715,101.92849999999973
90414,103.083
98100,80.23199999999983
84616,83.43804999999999
99867,100.08050000000003
82755,79.30700000000013
99580,101.53299999999997
88220,100.11949999999992
88082,99.28049999999992
83087,97.42291049999977
89412,96.73230199999998
88857,98.79775949999987
97414,91.51450000000003
99642,98.03050000000025
95906,101.45900000000022
92732,98.84179099999997
99712,100.61049999999999
92919,92.53650000000012
84126,99.71950000000032
88956,86.68110000000006
85119,93.47750000000009
97720,101.53299999999997
92952,99.04217399999987
87335,102.46150000000002
83481,92.50099999999975
91737,97.54425950000002
89506,98.21030199999996
84626,87.35249999999998
97389,102.8130000000001
93694,91.51450000000003
91344,102.43449999999991
96572,98.78803300000015
90497,97.66149999999996
87775,101.89499999999997
88871,98.97000000000021
92830,81.63149999999986
99736,99.16060399999994
87372,99.04217399999987
93831,100.61650000000003
93711,92.17050000000003
84637,98.0654889999998
96866,96.20050000000033
92606,98.34699999999981
85906,97.44406699999982
93972,100.11799999999965
87184,92.45050000000013
89162,99.33633699999972
91402,98.32040600000002
94070,79.43849999999989
93141,82.95535000000007
82037,98.03170799999994
83892,99.76010400000008
82002,96.74218549999996
94156,99.16060399999994
82652,100.00700000000019
86980,99.59199999999971
99811,96.39349999999996
89055,99.02009699999991
94595,101.46750000000029
86072,100.49975950000012
84511,99.09899350000025
98067,98.65499999999973
91745,79.7565000000002
90505,79.55049999999983
85556,90.03049999999968
96931,99.6530000000001
90652,97.4914999999999
92727,99.2605969999997
81980,78.71549999999984
85235,81.67449999999994
93074,93.13899999999998
87310,102.10983700000028
97480,79.54050000000024
91032,99.97800000000007
98687,98.36220800000001
88001,99.90750000000021
91591,81.6988
82330,99.27849999999975
99857,99.74499999999983
82886,101.45900000000022
99130,98.14525949999998
85917,100.14280199999985
94597,99.98600000000005
89661,98.35400000000003
83259,93.47750000000009
95466,81.93304999999997
93162,96.74218549999996
93456,96.21000000000028
92416,97.87369800000002
89769,93.83950000000016
99081,98.04605000000024
88612,99.60415100000004
95217,100.14280199999985
97270,98.14525949999998
84190,99.27849999999975
89877,97.54425950000002
87046,91.72500000000008
82446,81.93304999999997
94905,100.28650000000002
89956,100.9512715
95374,102.62200000000004
97171,81.6988
85926,100.02800000000003
92404,93.5245000000001
93140,78.71549999999984
92531,88.53849999999986
90782,98.53149999999998
82020,98.71199999999973
94155,101.92849999999973
95826,98.98634050000038
97580,98.61910900000004
88191,87.28149999999988
97241,100.28300000000004
96096,88.03000000000016
97101,98.35400000000003
99307,100.03577150000034
94347,98.65499999999973
96776,99.62700000000004
96142,99.10849999999995
91652,100.49975950000012
83594,103.59949999999968
87180,102.53949999999999
100024,103.2614999999998
99927,98.65499999999973
83902,99.78340599999983
87617,98.03170799999994
99714,103.083
95612,97.85800000000005
98101,87.24694999999986
87691,99.67650000000029
84859,92.06350000000022
87289,93.50850000000003
97551,100.61650000000003
89660,100.35549999999972
86096,98.63501900000024
85944,91.98650000000019
94621,98.5088879999999
86962,97.70229750000018
84080,100.35549999999972
92055,79.30700000000013
83996,82.43695000000005
90102,101.51599999999969
97364,93.99200000000008
81991,87.28799999999995
92454,92.19550000000025
83367,97.03549999999974
88031,96.24399999999989
82135,79.02699999999996
85847,96.87699999999995
89520,97.42160399999993
95709,91.43749999999976
100200,102.53949999999999
93846,99.49000000000007
92961,100.01449999999998
88036,87.25549999999987
90746,98.34699999999981
99710,101.2629999999999
87469,102.43199999999992
82044,102.43449999999991
90904,92.45050000000013
93146,96.20050000000033
83282,99.92750000000004
89472,99.76010400000008
81877,99.83150000000023
87755,99.0269999999997
82606,96.10499999999993
98651,98.1673019999998
98587,96.84251999999996
97234,102.62200000000004
90372,98.34481649999978
96145,100.92799999999977
89819,91.67400000000012
82065,100.08749999999982
82689,91.43749999999976
99030,80.03400000000018
85275,99.6470969999997
92869,93.50850000000003
96550,81.63149999999986
92427,100.08050000000003
91185,100.28650000000002
86622,98.03050000000025
89077,98.37759700000026
97209,93.83950000000016
97055,99.0269999999997
89480,101.16300000000018
92560,99.59199999999971
91939,94.00300000000003
87600,98.71199999999973
87876,96.21000000000028
93225,100.08749999999982
100154,93.50850000000003
86546,99.84149999999998
98410,81.63149999999986
98566,85.1418499999999
97801,87.63550000000019
99136,92.274
98294,93.50850000000003
92094,94.07350000000011
91435,79.02699999999996
82361,100.28300000000004
93335,99.0269999999997
100172,98.84179099999997
84809,94.11650000000022
84221,100.28300000000004
82950,100.45265099999979
83946,90.98049999999994
90390,100.45265099999979
87815,97.70199999999977
97210,99.27849999999975
94247,97.42291049999977
82390,98.14525949999998
90235,100.78949999999998
90140,98.61910900000004
88542,99.80499999999971
90544,93.5245000000001
99285,98.65664050000001
85236,86.68110000000006
86116,92.274
99101,100.28300000000004
85452,99.97800000000007
98111,88.53849999999986
84357,99.892543
95332,97.51634750000001
90661,87.24694999999986
95981,98.57578050000023
84189,93.83950000000016
91386,90.98049999999994
85940,100.35549999999972
97565,101.33349999999994
97854,103.083
83076,88.03000000000016
91214,93.13899999999998
87707,96.87699999999995
99094,102.62200000000004
84047,99.60849999999995
84834,103.083
92584,103.2614999999998
99559,102.56199999999973
85667,98.36220800000001
94856,90.03049999999968
95814,94.07350000000011
85919,102.24149999999992
94231,96.39349999999996
87955,100.7809999999997
97611,100.91349999999998
87930,102.42049999999978
99404,102.50499999999985
96882,96.74218549999996
99087,98.50103799999997
83427,99.2605969999997
95936,96.30449999999979
85762,99.78340599999983
93204,102.43449999999991
87314,103.59949999999968
90410,101.2629999999999
82531,99.3583145000001
84701,99.13682599999999
93597,97.54425950000002
97481,82.78615000000012
84672,100.11799999999965
91900,79.54050000000024
99316,100.65527149999997
92870,99.64867399999972
98851,99.67650000000029
89477,98.03170799999994
84746,101.45900000000022
88490,79.43849999999989
91831,99.3583145000001
83437,99.98600000000005
82291,81.6988
93180,98.71199999999973
94897,99.83150000000023
83376,86.68110000000006
98576,90.03049999999968
95680,102.26799999999966
84235,100.7809999999997
82080,97.42160399999993
98937,100.14280199999985
91721,99.90750000000021
92216,96.30449999999979
93611,96.24399999999989
96757,99.83150000000023
98005,100.92799999999977
98720,78.71549999999984
88579,92.06350000000022
85597,99.83150000000023
92775,99.02009699999991
89371,90.99249999999995
83940,97.42160399999993
89287,96.84251999999996
97066,97.44406699999982
88375,100.78949999999998
86476,83.43804999999999
89044,92.45050000000013
94480,98.86299999999977
84737,99.98250000000027
94004,91.80449999999986
92006,92.33000000000004
82706,92.33000000000004
94431,98.15313450000029
91286,96.20050000000033
99911,91.65850000000012
93521,100.28300000000004
98361,92.50099999999975
83926,98.21030199999996
84821,98.57578050000023
82352,100.49975950000012
99651,84.97284999999987
92760,102.53949999999999
84522,101.51599999999969
94641,92.50099999999975
88955,81.67449999999994
86687,100.40249999999968
95554,91.51450000000003
84832,100.61049999999999
85692,96.73230199999998
88651,96.39349999999996
88685,99.76149999999967
90594,92.19550000000025
87566,96.20050000000033
86050,99.27849999999975
96526,99.95900000000003
93036,97.28035899999966
94071,84.97284999999987
82806,98.98634050000038
86467,98.06900000000024
83677,96.89099999999976
87927,98.50103799999997
98784,102.43449999999991
86701,99.58849999999997
82545,98.65664050000001
89196,99.08068499999983
91985,101.33349999999994
86641,87.63550000000019
99411,100.61650000000003
84531,100.61650000000003
83851,87.28799999999995
92465,99.0754999999999
85011,98.37649999999994
95206,97.44406699999982
90937,98.37759700000026
98915,99.0269999999997
88076,98.91385800000015
98157,98.79775949999987
87096,86.68110000000006
85412,98.78803300000015
98975,97.70199999999977
91876,100.65527149999997
92901,98.62717400000001
86081,100.28300000000004
88840,99.59199999999971
87846,99.71950000000032
98092,97.4914999999999
89482,99.78340599999983
93306,87.28799999999995
94599,103.39199999999968
96744,93.44899999999988
82662,101.51599999999969
87071,100.04500000000003
90545,99.76149999999967
95321,87.27199999999988
94606,98.55249999999984
99092,100.49975950000012
95060,101.16300000000018
90100,102.26799999999966
94666,99.95900000000003
90092,100.00700000000019
85645,97.42010399999994
95941,87.63550000000019
92262,99.80499999999971
86251,99.3583145000001
88457,99.98250000000027
97230,102.42049999999978
85546,85.1418499999999
85401,90.04049999999968
83397,98.03272950000004
91319,93.95599999999973
89170,102.10983700000028
95864,91.80449999999986
81885,100.28650000000002
84311,96.24399999999989
95990,101.2629999999999
90506,86.98554999999986
90557,99.74499999999983
87737,96.88765399999998
89484,102.43449999999991
97181,87.27199999999988
94845,82.1220000000001
90041,82.78615000000012
82484,93.99200000000008
94081,87.63550000000019
100022,99.92750000000004
91911,87.28149999999988
98200,98.86299999999977
92651,100.04500000000003
95797,98.0654889999998
86296,100.65527149999997
84830,101.2629999999999
92126,99.84149999999998
89325,100.28650000000002
84207,98.50103799999997
96911,97.22134549999969
82902,98.03050000000025
82996,99.16060399999994
87117,98.03272950000004
83305,103.2740000000001
92000,98.61910900000004
83306,98.34699999999981
85855,79.02699999999996
84316,87.25549999999987
100281,90.04049999999968
92232,98.34481649999978
94381,87.24694999999986
86171,96.24399999999989
89351,98.1673019999998
94535,81.67449999999994
92735,101.46750000000029
81847,96.84251999999996
93490,99.27849999999975
83785,97.42010399999994
83770,99.63650000000011
95551,99.3583145000001
89329,102.43199999999992
91951,99.09899350000025
85297,99.98600000000005
97491,87.28149999999988
88800,80.23199999999983
84987,100.08050000000003
83619,92.53650000000012
86451,100.91349999999998
98076,100.62450000000001
92675,81.67449999999994
91845,98.65664050000001
91497,100.14280199999985
98516,93.2649999999997
83386,89.05649999999973
92066,87.35249999999998
83925,100.08749999999982
90731,98.97000000000021
92295,101.92849999999973
86165,79.7565000000002
94701,90.04049999999968
97697,101.11049999999992
98636,99.62700000000004
92047,98.06900000000024
82657,99.58799999999974
83016,91.4279999999999
86560,101.53299999999997
97021,96.20050000000033
98665,97.42010399999994
91756,87.25549999999987
94170,99.24030199999982
82747,98.06900000000024
86032,97.51634750000001
88889,92.78150000000029
88852,99.56325949999986
88125,98.65664050000001
96762,98.13070799999996
89575,79.02699999999996
98629,102.43199999999992
85442,99.33633699999972
88501,87.63550000000019
97790,79.43849999999989
87135,99.6470969999997
86342,98.17371799999997
87456,97.28035899999966
98806,98.21030199999996
96030,99.24030199999982
92977,96.89099999999976
94282,99.10849999999995
92781,92.50099999999975
94747,98.93002200000008
100322,99.33633699999972
94122,99.80499999999971
89181,98.62717400000001
92341,101.49250000000002
98222,98.53149999999998
93556,92.274
99750,99.24030199999982
83277,98.79775949999987
88244,102.50499999999985
90129,91.43749999999976
82999,92.06350000000022
85450,102.10983700000028
86287,100.03577150000034
99340,79.54050000000024
84202,99.68449999999979
99876,98.99349999999997
88242,101.51599999999969
85102,97.70229750000018
91506,100.02800000000003
82174,94.0539999999998
83592,99.97800000000007
82507,101.18299999999978
94696,96.417597
88646,86.98554999999986
88931,100.04500000000003
95786,87.35249999999998
92890,102.10983700000028
82347,98.50103799999997
89460,98.71199999999973
85607,99.72680199999985
100091,100.04500000000003
97829,94.11650000000022
84792,98.34481649999978
85479,92.53650000000012
82877,99.98250000000027
95529,102.8130000000001
96949,92.54349999999981
90976,96.417597
97741,91.53599999999986
89232,99.04217399999987
89305,98.9144999999999
98914,94.0539999999998
96805,97.42010399999994
95006,96.20050000000033
82502,99.28049999999992
99501,96.23099999999977
95457,97.54425950000002
86016,96.21000000000028
92450,102.28550000000013
91332,99.76010400000008
92985,82.1220000000001
84046,97.44406699999982
98782,99.78340599999983
89421,82.95535000000007
84367,101.18299999999978
84770,79.43849999999989
97791,84.97284999999987
85496,93.2649999999997
99090,102.42049999999978
87026,98.34699999999981
93771,87.28149999999988
93550,98.14525949999998
97519,94.00300000000003
97635,79.30700000000013
93240,97.42160399999993
93489,93.83950000000016
90046,96.10499999999993
83570,99.64867399999972
93799,94.00300000000003
89526,90.98049999999994
89015,101.46750000000029
96015,101.92849999999973
82722,100.00650000000034
88776,100.62450000000001
96745,98.9144999999999
87921,98.04605000000024
97735,99.06916300000013
83791,90.99249999999995
91092,99.04217399999987
85165,103.2740000000001
84704,91.80449999999986
92366,86.98554999999986
93197,98.03170799999994
97850,101.2629999999999
94536,86.68110000000006
96459,103.39199999999968
84452,97.85800000000005
84855,101.92849999999973
92892,99.97800000000007
91520,100.35549999999972
98932,98.09156149999995
88801,87.24694999999986
94754,103.59949999999968
84976,97.87369800000002
98842,98.32040600000002
91281,82.95535000000007
85366,99.95900000000003
89675,97.70199999999977
92115,101.82799999999972
86527,99.82349999999983
97967,97.42291049999977
97387,101.18299999999978
84500,100.11949999999992
91784,93.99200000000008
95361,98.04605000000024
89195,102.46150000000002
100417,96.89099999999976
85025,99.0754999999999
97170,80.03400000000018
100175,101.46750000000029
87242,96.91199999999995
93616,87.25549999999987
98355,99.02009699999991
94682,96.91199999999995
91487,99.60849999999995
99462,100.00650000000034
99894,92.19550000000025
82257,99.28025950000008
91196,99.62700000000004
88219,94.00300000000003
93355,101.89499999999997
86692,100.61049999999999
89007,99.2605969999997
94812,99.04217399999987
87646,98.21030199999996
86575,99.06916300000013
85014,92.19550000000025
89354,93.13899999999998
95155,79.02699999999996
92642,98.53149999999998
85915,101.89499999999997
83165,99.0754999999999
90636,100.62450000000001
99379,94.00300000000003
96292,99.56325949999986
84977,99.74499999999983
92210,79.43849999999989
83636,93.2649999999997
98617,99.83150000000023
99626,101.45900000000022
84721,91.53599999999986
99816,88.03000000000016
96607,98.93002200000008
97566,99.49000000000007
99429,91.43749999999976
88684,93.5245000000001
95691,100.61650000000003
99380,100.11949999999992
85512,99.04217399999987
99036,96.21000000000028
86406,99.49000000000007
83630,99.30667400000004
91809,102.8130000000001
94451,98.97000000000021
87087,97.03549999999974
82175,99.0269999999997
96346,91.72500000000008
90766,91.72500000000008
96137,99.74499999999983
94776,99.08068499999983
87721,96.20050000000033
83196,100.62450000000001
90855,99.6470969999997
95682,101.51599999999969
93977,101.11049999999992
89396,99.74500000000013
98939,102.24149999999992
91076,93.2649999999997
85490,99.30667400000004
87251,85.36804999999993
86992,99.56325949999986
90206,87.35249999999998
89816,98.63501900000024
95147,96.87699999999995
93691,99.3583145000001
98450,99.64867399999972
84996,98.99349999999997
97675,100.78949999999998
93049,102.43199999999992
82396,92.274
96790,99.63650000000011
88702,99.10849999999995
85907,99.60849999999995
83280,101.09550000000016
95195,99.0269999999997
100045,103.2740000000001
83552,98.78803300000015
82795,100.78949999999998
90565,100.92799999999977
89061,92.50099999999975
97086,100.02800000000003
85169,92.78150000000029
92686,89.05649999999973
82841,99.13682599999999
88357,98.0654889999998
97192,97.51634750000001
90401,98.57578050000023
83807,98.36220800000001
95659,94.00300000000003
84006,87.28799999999995
97520,100.11949999999992
85211,100.04500000000003
83841,82.95535000000007
97016,82.43695000000005
91365,100.08749999999982
82051,99.6530000000001
94575,99.6470969999997
84591,100.91349999999998
93891,100.91349999999998
93202,99.78340599999983
88346,87.35249999999998
95860,101.53299999999997
90516,88.03000000000016
84841,99.58849999999997
83221,87.24694999999986
92451,98.37649999999994
87462,98.13070799999996
82921,87.63550000000019
94331,91.65850000000012
96517,98.37759700000026
96434,93.50850000000003
97382,99.28049999999992
84482,98.17371799999997
100177,99.98600000000005
92077,98.0654889999998
90821,96.41300000000001
97347,98.48331249999995
84055,101.89499999999997
94761,98.62717400000001
83260,99.59199999999971
99805,79.55049999999983
84549,91.43749999999976
84560,98.61910900000004
89040,102.53949999999999
95064,102.43449999999991
100321,99.24453600000002
84936,88.03000000000016
87159,103.39199999999968
90255,101.82799999999972
84344,93.99200000000008
98402,96.91199999999995
96406,89.05649999999973
88131,92.17050000000003
90257,101.11049999999992
86271,92.17050000000003
93727,100.03577150000034
91272,96.73230199999998
82962,99.80499999999971
85521,100.01449999999998
92211,84.97284999999987
85132,99.56325949999986
89896,87.25549999999987
98946,100.02800000000003
91802,99.28049999999992
99242,99.28049999999992
88232,100.00700000000019
85080,80.23199999999983
94790,99.30667400000004
83962,98.32040600000002
84982,99.10849999999995
90295,99.06916300000013
83661,100.01449999999998
92697,98.03272950000004
90016,100.65527149999997
94419,93.47750000000009
88096,100.9512715
90317,99.98250000000027
94062,98.03050000000025
93107,98.36220800000001
93955,100.78949999999998
82235,97.70199999999977
86785,79.55049999999983
85306,98.55249999999984
89327,99.72680199999985
97636,83.43804999999999
95626,96.10499999999993
82206,100.02800000000003
89970,100.99049999999981
97317,97.54425950000002
84394,91.51450000000003
98106,96.403
97875,101.92849999999973
91320,98.71199999999973
82967,100.40249999999968
86377,99.58799999999974
82961,98.57578050000023
85596,97.28035899999966
94916,99.62700000000004
93822,101.51599999999969
88147,100.03577150000034
91712,99.50977850000022
98481,98.62717400000001
82686,99.49000000000007
86736,91.4279999999999
95367,98.50103799999997
84034,94.0539999999998
95931,84.97284999999987
86420,98.61910900000004
89019,103.39199999999968
89041,98.5088879999999
98791,99.6530000000001
93535,100.7809999999997
93334,94.0539999999998
92676,86.68110000000006
84700,101.53299999999997
81972,96.73230199999998
82567,100.03577150000034
85292,98.84179099999997
90816,86.68110000000006
90234,94.07350000000011
83615,102.46150000000002
92764,92.45050000000013
89102,96.91199999999995
93211,99.6530000000001
90326,101.45900000000022
90854,93.50850000000003
83536,96.417597
88181,82.78615000000012
86216,98.91385800000015
86845,100.92799999999977
98805,100.08749999999982
94015,99.06916300000013
85894,94.0539999999998
95705,101.33349999999994
87552,96.73230199999998
86227,101.18299999999978
82600,79.54050000000024
98386,99.95900000000003
98031,98.37649999999994
94121,98.57578050000023
84499,94.00300000000003
97176,96.21000000000028
90217,98.0654889999998
86021,87.27199999999988
91117,96.89099999999976
88025,79.7565000000002
85651,90.99249999999995
94690,81.63149999999986
93627,98.48331249999995
95987,100.40249999999968
94945,97.42010399999994
90724,103.2614999999998
94976,99.74500000000013
93967,99.82349999999983
87011,98.97000000000021
88156,100.65527149999997
82032,99.76010400000008
95441,99.90750000000021
91211,98.1673019999998
97037,96.88765399999998
82639,94.00300000000003
88251,100.61650000000003
83756,99.62700000000004
86217,99.892543
82485,100.0469999999999
98185,103.2740000000001
86630,79.43849999999989
99425,101.33349999999994
86321,82.78615000000012
87029,92.78150000000029
97326,81.93304999999997
88172,97.85800000000005
83122,99.10849999999995
95416,92.274
94226,86.98554999999986
88806,96.403
93070,99.63650000000011
96946,98.21030199999996
86254,91.51450000000003
92436,98.99349999999997
93657,99.892543
91892,97.85800000000005
84362,99.28049999999992
90079,94.00300000000003
86941,87.24694999999986
89885,79.7565000000002
92186,101.45900000000022
98964,91.98650000000019
89172,99.97800000000007
85822,98.32040600000002
87101,96.41300000000001
90301,91.53599999999986
90556,97.87369800000002
86681,98.57578050000023
88077,99.892543
90886,98.55249999999984
99890,102.28550000000013
88180,79.54050000000024
95244,91.98650000000019
96636,99.08068499999983
88745,99.0754999999999
94092,98.34481649999978
89730,80.03400000000018
97627,98.06900000000024
85537,96.89099999999976
90450,99.24030199999982
84810,100.45265099999979
91280,78.71549999999984
87406,85.1418499999999
85324,92.45050000000013
82534,91.51450000000003
93442,97.06349999999996
86326,96.10499999999993
98462,99.33633699999972
96016,99.16060399999994
89199,92.53650000000012
93705,98.65664050000001
85567,96.84251999999996
88047,98.48331249999995
91182,98.13070799999996
82136,82.43695000000005
83226,96.403
90992,98.78803300000015
92405,99.76149999999967
87002,99.92750000000004
90962,96.91199999999995
99446,92.33000000000004
89586,87.28799999999995
87804,91.98650000000019
83742,98.13070799999996
96435,99.6470969999997
82815,101.82799999999972
89012,98.84179099999997
81956,99.74500000000013
100431,96.43400000000001
95194,94.0539999999998
85711,87.28799999999995
88420,101.53299999999997
89942,99.28049999999992
85295,101.46750000000029
93921,96.23099999999977
94851,96.43400000000001
95089,92.54349999999981
91342,99.78340599999983
83691,96.43400000000001
84931,96.39349999999996
87444,93.44899999999988
91380,97.42160399999993
84762,98.03050000000025
88265,101.33349999999994
84305,79.7565000000002
100327,98.93002200000008
87321,98.62717400000001
87682,98.32040600000002
86796,88.03000000000016
96860,78.71549999999984
84306,81.93304999999997
96589,93.50850000000003
84101,90.96099999999993
93071,98.1673019999998
97532,100.00700000000019
87465,100.28650000000002
99952,97.4914999999999
100186,98.55249999999984
98721,82.95535000000007
87356,93.2649999999997
97411,99.3583145000001
91331,97.22134549999969
95596,100.65527149999997
86384,102.50499999999985
99535,100.78949999999998
96395,81.67449999999994
93662,99.28049999999992
92106,98.98634050000038
92487,98.65499999999973
96240,80.23199999999983
88547,100.40249999999968
98206,91.72500000000008
97075,101.89499999999997
95970,100.45265099999979
82146,87.28799999999995
85131,98.15313450000029
87152,98.84179099999997
99534,94.07350000000011
89304,93.44899999999988
83995,79.02699999999996
83105,99.76149999999967
88716,98.99349999999997
99960,80.23199999999983
97396,100.9512715
82031,97.22134549999969
89471,97.22134549999969
93262,98.32040600000002
83541,90.04049999999968
91411,99.67650000000029
89664,91.98650000000019
93352,98.09156149999995
99392,100.00700000000019
96457,99.98600000000005
99601,91.53599999999986
100341,98.62717400000001
84390,100.99049999999981
85800,97.42160399999993
88421,99.13682599999999
95982,99.80499999999971
88590,99.24030199999982
98171,98.97000000000021
96791,98.1673019999998
88637,97.66149999999996
85609,102.43199999999992
99249,102.8130000000001
94037,99.98250000000027
100436,90.03049999999968
84460,79.54050000000024
91566,99.71950000000032
90745,103.2740000000001
95166,87.28799999999995
95994,103.083
92894,103.59949999999968
82421,99.90750000000021
82221,98.35400000000003
95525,102.51449999999971
96086,86.98554999999986
93782,98.17371799999997
89736,96.21000000000028
85151,98.97000000000021
93116,99.74500000000013
89731,81.6988
99031,81.6988
82601,82.78615000000012
95881,91.53599999999986
94440,101.09550000000016
87505,97.42010399999994
100012,99.56325949999986
95410,98.14525949999998
82972,100.61049999999999
97447,100.03577150000034
99702,99.80499999999971
85257,98.03272950000004
89787,98.50103799999997
82505,102.51449999999971
94356,100.62450000000001
90527,97.42291049999977
98541,100.01449999999998
87772,98.09156149999995
97890,99.24030199999982
92270,101.2629999999999
97544,102.50499999999985
93229,92.54349999999981
94276,97.87369800000002
82376,98.63501900000024
93179,93.95599999999973
96452,98.84179099999997
92714,93.50850000000003
96495,99.02009699999991
93979,102.56199999999973
83522,96.91199999999995
89627,99.60849999999995
93581,99.90750000000021
83652,99.04217399999987
96446,98.40306700000015
87660,97.42160399999993
85390,81.63149999999986
91642,99.68449999999979
91629,93.83950000000016
83590,102.10983700000028
85142,99.92750000000004
89615,99.0269999999997
91641,98.04605000000024
89781,98.04605000000024
94132,100.61049999999999
91922,98.17371799999997
86442,100.00650000000034
83475,99.02009699999991
83426,98.40306700000015
84052,98.09156149999995
90760,98.86299999999977
84214,102.62200000000004
89597,96.88765399999998
95255,97.70199999999977
88335,79.30700000000013
87631,99.6530000000001
90247,99.82349999999983
87892,97.51634750000001
86514,94.07350000000011
91696,92.274
87256,96.417597
83460,102.53949999999999
90872,98.84179099999997
86837,99.74499999999983
84059,102.24149999999992
97410,100.99049999999981
82301,87.27199999999988
95022,96.74218549999996
99721,99.58849999999997
94432,99.56325949999986
91231,90.99249999999995
92376,88.03000000000016
95215,101.89499999999997
87786,100.02800000000003
90171,100.91349999999998
82611,87.28149999999988
81876,97.28035899999966
95550,100.99049999999981
97115,97.70199999999977
87910,99.27849999999975
93317,96.88765399999998
82817,101.11049999999992
91147,96.84251999999996
87754,94.0539999999998
87611,97.22134549999969
97796,96.30449999999979
89974,91.51450000000003
92249,94.11650000000022
99271,99.3583145000001
99495,79.30700000000013
83136,98.99349999999997
88995,99.6470969999997
96417,98.03272950000004
94127,100.40249999999968
92310,99.24030199999982
90877,99.98600000000005
82766,87.35249999999998
86312,97.85800000000005
95310,80.03400000000018
87561,82.95535000000007
87147,99.2605969999997
92471,91.65850000000012
100276,96.417597
95316,96.21000000000028
97956,88.03000000000016
90717,98.79775949999987
88792,97.4914999999999
82497,99.892543
97542,101.51599999999969
85476,99.08068499999983
87560,78.71549999999984
81882,98.13070799999996
91247,98.36220800000001
91022,99.33633699999972
85144,103.2614999999998
94046,101.45900000000022
84512,100.00700000000019
90671,88.53849999999986
89241,100.01449999999998
95726,92.33000000000004
95839,102.56199999999973
96291,98.15313450000029
82981,99.58849999999997
94437,98.79775949999987
90356,96.30449999999979
84901,101.49250000000002
99827,97.42291049999977
98009,103.16800000000019
100082,98.53149999999998
81925,97.42010399999994
98809,92.54349999999981
93301,96.20050000000033
96091,96.39349999999996
90605,99.0754999999999
85757,98.03170799999994
93656,98.91385800000015
99426,99.49000000000007
88541,98.57578050000023
83832,96.73230199999998
85630,99.63650000000011
89322,98.13070799999996
98960,100.35549999999972
99557,101.11049999999992
84965,99.76149999999967
90259,102.56199999999973
93820,102.26799999999966
85120,99.59199999999971
91830,100.99049999999981
96727,96.84251999999996
96124,93.5245000000001
86997,98.79775949999987
99006,99.71950000000032
87491,98.1673019999998
92429,103.16800000000019
93766,96.10499999999993
92221,87.63550000000019
82622,98.17371799999997
87416,90.03049999999968
86730,99.24030199999982
98886,87.28799999999995
94750,102.10983700000028
97365,100.0469999999999
90091,99.09899350000025
86371,99.09899350000025
99689,94.11650000000022
89459,93.95599999999973
89265,82.1220000000001
83320,98.86299999999977
96300,101.09550000000016
82220,100.35549999999972
96705,82.1220000000001
87527,98.36220800000001
95517,99.892543
95536,100.9512715
91070,99.30667400000004
94325,99.0754999999999
86631,84.97284999999987
85786,98.21030199999996
100356,99.08068499999983
92031,100.91349999999998
92512,97.4914999999999
88240,102.26799999999966
97721,99.13682599999999
89026,98.55249999999984
94134,103.083
91906,96.10499999999993
97674,94.07350000000011
96262,97.70229750000018
97686,98.98634050000038
87250,81.63149999999986
90875,101.46750000000029
84615,79.30700000000013
87494,93.13899999999998
99487,98.06900000000024
99584,91.80449999999986
98826,90.98049999999994
94624,92.45050000000013
82266,99.71950000000032
95100,97.42160399999993
85831,99.67650000000029
86847,100.08050000000003
99806,86.98554999999986
100246,99.95900000000003
82290,80.03400000000018
95897,99.98250000000027
90900,102.53949999999999
92520,80.23199999999983
88085,102.51449999999971
87620,101.16300000000018
90699,93.47750000000009
82086,90.98049999999994
88336,83.43804999999999
87932,100.49975950000012
92417,99.74499999999983
99225,100.0469999999999
93381,98.35400000000003
85866,87.28799999999995
90837,98.03272950000004
85430,99.64867399999972
94592,98.84179099999997
85977,99.28025950000008
97782,98.03050000000025
84239,91.67400000000012
85771,99.6530000000001
90456,91.4279999999999
84461,82.78615000000012
100330,102.10983700000028
91101,100.01449999999998
90062,98.17371799999997
87582,96.74218549999996
92422,99.10849999999995
93916,83.43804999999999
92571,98.15313450000029
83725,98.9144999999999
98881,96.20050000000033
92095,100.78949999999998
87715,79.02699999999996
95922,98.03050000000025
93514,102.62200000000004
89266,85.1418499999999
86176,87.25549999999987
94110,100.45265099999979
96621,98.62717400000001
99471,100.91349999999998
99196,87.25549999999987
97847,100.40249999999968
98416,96.417597
94907,99.72680199999985
99041,87.27199999999988
93817,99.58799999999974
91340,101.16300000000018
82551,92.17050000000003
96362,98.53149999999998
90682,97.70229750000018
100370,99.30667400000004
96125,99.76149999999967
88286,92.33000000000004
86132,99.50977850000022
87821,90.96099999999993
86856,98.99349999999997
98341,98.5088879999999
88961,96.41300000000001
93975,101.82799999999972
98421,90.04049999999968
96614,103.59949999999968
85740,98.71199999999973
83326,91.72500000000008
84017,96.88765399999998
83284,103.2614999999998
87467,99.72680199999985
97377,99.892543
82932,98.34481649999978
83271,98.15313450000029
90720,101.09550000000016
87801,98.35400000000003
89420,78.71549999999984
91807,101.18299999999978
96706,85.1418499999999
94159,92.06350000000022
84391,99.3583145000001
84471,87.28149999999988
98604,93.44899999999988
100115,81.67449999999994
95131,99.67650000000029
85856,82.43695000000005
95277,99.28025950000008
84272,99.50977850000022
81887,99.72680199999985
96311,98.97000000000021
84369,102.8130000000001
95527,101.18299999999978
95992,100.61049999999999
89971,99.3583145000001
90915,99.02009699999991
85056,100.62450000000001
83900,101.16300000000018
98696,99.74500000000013
85396,96.417597
85246,89.05649999999973
91535,97.70199999999977
100167,99.2605969999997
98650,99.63650000000011
82812,100.11799999999965
91256,99.74500000000013
88645,79.55049999999983
97695,101.82799999999972
99362,98.17371799999997
85202,98.53149999999998
95349,93.83950000000016
92261,98.57578050000023
97996,97.87369800000002
93605,79.7565000000002
85429,93.50850000000003
85166,98.34699999999981
99650,79.43849999999989
96765,100.28650000000002
83530,81.63149999999986
94314,92.19550000000025
84876,91.4279999999999
94931,98.1673019999998
94902,98.13070799999996
82970,101.2629999999999
84715,99.06916300000013
83724,93.44899999999988
86951,88.53849999999986
90946,99.95900000000003
84117,99.28025950000008
84001,96.20050000000033
89722,97.06349999999996
97376,98.91385800000015
92681,96.41300000000001
92202,98.03050000000025
84679,102.56199999999973
86265,98.65664050000001
88900,98.86299999999977
96656,93.2649999999997
88552,100.61049999999999
87411,96.43400000000001
86581,91.53599999999986
98317,99.98600000000005
93665,102.51449999999971
94265,99.76149999999967
94909,102.43199999999992
98326,98.55249999999984
81931,90.99249999999995
94141,99.58849999999997
96561,90.04049999999968
98122,97.70229750000018
99506,87.35249999999998
94310,102.28550000000013
94192,99.60415100000004
89551,99.67650000000029
98051,91.65850000000012
96966,90.98049999999994
93761,82.78615000000012
100107,97.03549999999974
86515,100.78949999999998
90266,99.84149999999998
85806,90.98049999999994
97486,96.10499999999993
90281,99.13682599999999
91225,97.42010399999994
88111,99.3583145000001
93192,99.76010400000008
90826,89.05649999999973
87959,91.67400000000012
86426,92.33000000000004
95522,99.28049999999992
86791,96.39349999999996
86099,91.67400000000012
96991,99.67650000000029
95261,90.96099999999993
91021,99.24453600000002
91989,91.43749999999976
97757,99.98250000000027
96769,102.43199999999992
96396,86.68110000000006
83745,100.28650000000002
82329,93.83950000000016
96610,102.10983700000028
87004,103.2614999999998
85357,98.37759700000026
94620,102.53949999999999
94465,103.2740000000001
92852,98.78803300000015
91834,91.51450000000003
96107,97.42291049999977
85241,96.41300000000001
98045,99.0754999999999
96871,87.28799999999995
98189,92.78150000000029
86946,96.403
90407,100.40249999999968
84095,97.70199999999977
92841,90.04049999999968
82777,98.0654889999998
98152,99.56325949999986
86940,80.23199999999983
89017,99.98600000000005
96501,92.50099999999975
95571,92.17050000000003
90436,99.16060399999994
94109,94.11650000000022
90196,83.43804999999999
94885,98.9144999999999
88656,88.03000000000016
89336,99.62700000000004
83116,97.87369800000002
85545,82.1220000000001
88811,88.53849999999986
93966,98.98634050000038
91521,98.35400000000003
84870,99.24030199999982
85320,102.53949999999999
84236,98.63501900000024
85551,96.43400000000001
84356,98.91385800000015
85010,102.28550000000013
93501,98.04605000000024
86225,102.51449999999971
85584,93.44899999999988
95827,99.82349999999983
90567,100.08050000000003
99891,98.37649999999994
92267,100.40249999999968
87666,90.98049999999994
99270,100.99049999999981
93926,87.35249999999998
88386,98.98634050000038
90569,103.16800000000019
94742,99.33633699999972
88374,94.07350000000011
90481,101.49250000000002
86907,98.65499999999973
96251,88.53849999999986
94236,88.03000000000016
93986,99.84149999999998
93512,100.49975950000012
94372,97.4914999999999
91055,102.46150000000002
87800,100.35549999999972
99999,93.47750000000009
83432,98.84179099999997
98139,93.47750000000009
85722,96.74218549999996
97812,98.34481649999978
95642,98.17371799999997
95071,99.6530000000001
97331,96.24399999999989
87624,102.43449999999991
89947,101.18299999999978
98007,100.08050000000003
91210,99.63650000000011
96639,92.53650000000012
89891,96.24399999999989
82224,91.98650000000019
88466,101.45900000000022
91816,100.9512715
87217,98.37759700000026
98671,90.99249999999995
86380,102.26799999999966
93132,96.73230199999998
86537,101.11049999999992
94691,85.36804999999993
91971,100.61650000000003
93346,97.44406699999982
86049,93.83950000000016
92274,103.083
96716,90.03049999999968
99224,93.99200000000008
89886,81.93304999999997
91034,103.59949999999968
97104,91.98650000000019
99739,92.06350000000022
96982,98.32040600000002
99905,99.0754999999999
94000,101.53299999999997
97724,91.80449999999986
86359,94.00300000000003
90611,91.65850000000012
96241,87.24694999999986
95587,100.03577150000034
94502,98.53149999999998
96697,96.89099999999976
91676,98.63501900000024
88482,98.03050000000025
95861,99.13682599999999
94130,101.2629999999999
92806,99.95900000000003
91630,99.27849999999975
100309,93.50850000000003
83581,99.24453600000002
99971,88.53849999999986
89174,103.59949999999968
84856,99.16060399999994
82042,99.78340599999983
91867,100.03577150000034
95505,100.0469999999999
82102,98.32040600000002
89697,99.28025950000008
88110,100.99049999999981
89937,99.892543
93091,90.99249999999995
88705,100.92799999999977
94741,99.24453600000002
87766,97.44406699999982
88947,97.03549999999974
82916,96.30449999999979
82342,99.68449999999979
96480,102.53949999999999
85700,78.71549999999984
97842,99.80499999999971
95362,99.68449999999979
96340,98.86299999999977
86481,96.23099999999977
96551,85.36804999999993
86891,91.65850000000012
88406,99.84149999999998
85321,98.5088879999999
84345,100.0469999999999
87612,99.76010400000008
93085,97.42010399999994
88064,93.99200000000008
82671,100.61650000000003
83736,97.28035899999966
91767,98.48331249999995
89635,101.89499999999997
90590,102.28550000000013
96085,79.55049999999983
96246,96.403
84436,100.65527149999997
99966,96.403
90981,90.04049999999968
96922,99.78340599999983
93502,99.68449999999979
87476,99.62700000000004
93366,100.02800000000003
89681,90.96099999999993
